learning_rate,pruning_amount,width_scaling_factor,depth_scaling_factor,accuracy,training_time,test_time,epoch
0.01,0.1,0.5,0.5,10.0,26.388705015182495,3.308220624923706,1
0.01,0.1,0.5,0.5,10.0,56.86206912994385,5.257139205932617,2
0.01,0.1,0.5,0.5,10.0,91.32807159423828,5.81390118598938,3
0.01,0.1,0.5,0.5,10.0,126.69405126571655,5.976889610290527,4
0.01,0.1,0.5,0.5,10.0,160.90795588493347,5.924288988113403,5
0.01,0.1,0.5,0.5,48.93,21.79360604286194,2.51914644241333,1
0.01,0.1,0.5,0.5,63.45,42.79275703430176,2.5450406074523926,2
0.01,0.1,0.5,0.5,51.81,21.691983222961426,2.597249984741211,1
